filename,prompt_tokens,candidates_tokens,status,timestamp
b23982500_0002_0347.jp2,829,7049,ok,2026-05-16T12:52:44.117890+00:00
b23982500_0002_0348.jp2,829,8854,ok,2026-05-16T12:54:29.293046+00:00
b23982500_0002_0349.jp2,829,5755,ok,2026-05-16T12:55:52.506001+00:00
b23982500_0002_0350.jp2,829,10011,ok,2026-05-16T12:57:42.493585+00:00
b23982500_0002_0355.jp2,829,3860,ok,2026-05-16T12:59:05.567662+00:00
b23982500_0002_0353.jp2,829,5285,ok,2026-05-16T12:59:11.076027+00:00
b23982500_0002_0351.jp2,829,7212,ok,2026-05-16T12:59:12.043462+00:00
b23982500_0002_0352.jp2,829,7667,ok,2026-05-16T12:59:22.738086+00:00
b23982500_0002_0354.jp2,829,5790,ok,2026-05-16T12:59:24.256534+00:00
b23982500_0002_0358.jp2,829,5918,ok,2026-05-16T13:00:00.613483+00:00
b23982500_0002_0356.jp2,829,7310,ok,2026-05-16T13:00:07.186542+00:00
b23982500_0002_0357.jp2,829,7740,ok,2026-05-16T13:00:13.165066+00:00
b23982500_0002_0360.jp2,829,6465,ok,2026-05-16T13:00:18.646482+00:00
b23982500_0002_0359.jp2,829,7309,ok,2026-05-16T13:00:22.816565+00:00
b23982500_0002_0362.jp2,829,4331,ok,2026-05-16T13:00:45.363082+00:00
b23982500_0002_0361.jp2,829,5520,ok,2026-05-16T13:00:49.166871+00:00
b23982500_0002_0363.jp2,829,6311,ok,2026-05-16T13:01:04.434014+00:00
b23982500_0002_0364.jp2,829,6217,ok,2026-05-16T13:01:10.869903+00:00
b23982500_0002_0365.jp2,829,6764,ok,2026-05-16T13:01:16.346849+00:00
b23982500_0002_0366.jp2,829,8581,ok,2026-05-16T13:01:54.598161+00:00
b23982500_0002_0370.jp2,829,6985,ok,2026-05-16T13:02:12.087296+00:00
b23982500_0002_0369.jp2,829,9122,ok,2026-05-16T13:02:18.628125+00:00
b23982500_0002_0368.jp2,829,10938,ok,2026-05-16T13:02:24.381818+00:00
b23982500_0002_0371.jp2,829,5062,ok,2026-05-16T13:02:38.778298+00:00
b23982500_0002_0372.jp2,829,2738,ok,2026-05-16T13:02:39.856963+00:00
b23982500_0002_0373.jp2,829,2893,ok,2026-05-16T13:02:51.016465+00:00
b23982500_0002_0377.jp2,829,4319,ok,2026-05-16T13:03:29.560163+00:00
b23982500_0002_0376.jp2,829,6266,ok,2026-05-16T13:03:32.081490+00:00
b23982500_0002_0375.jp2,829,8832,ok,2026-05-16T13:03:48.258320+00:00
b23982500_0002_0379.jp2,829,4808,ok,2026-05-16T13:04:13.447536+00:00
b23982500_0002_0378.jp2,829,5889,ok,2026-05-16T13:04:17.874664+00:00
b23982500_0002_0380.jp2,829,7771,ok,2026-05-16T13:04:52.111586+00:00
b23982500_0002_0367.jp2,829,6390,ok,2026-05-16T13:05:14.784826+00:00
b23982500_0002_0382.jp2,829,6175,ok,2026-05-16T13:05:17.353146+00:00
b23982500_0002_0381.jp2,829,10887,ok,2026-05-16T13:05:34.408452+00:00
b23982500_0002_0383.jp2,829,7460,ok,2026-05-16T13:05:49.702368+00:00
b23982500_0002_0384.jp2,829,4075,ok,2026-05-16T13:05:53.120944+00:00
b23982500_0002_0385.jp2,829,5256,ok,2026-05-16T13:06:18.068902+00:00
b23982500_0002_0374.jp2,829,5020,ok,2026-05-16T13:06:39.033229+00:00
b23982500_0002_0386.jp2,829,8773,ok,2026-05-16T13:07:01.043384+00:00
b23982500_0002_0387.jp2,829,8784,ok,2026-05-16T13:07:03.043861+00:00
b23982500_0002_0388.jp2,829,7794,ok,2026-05-16T13:07:19.348939+00:00
b23982500_0002_0391.jp2,829,5159,ok,2026-05-16T13:07:48.738156+00:00
b23982500_0002_0389.jp2,829,9219,ok,2026-05-16T13:08:13.156941+00:00
b23982500_0002_0390.jp2,829,10794,ok,2026-05-16T13:08:25.198633+00:00
b23982500_0002_0392.jp2,829,7992,ok,2026-05-16T13:08:25.861305+00:00
b23982500_0002_0393.jp2,829,8088,ok,2026-05-16T13:08:49.662026+00:00
b23982500_0002_0394.jp2,829,5678,ok,2026-05-16T13:08:59.984022+00:00
b23982500_0002_0396.jp2,829,6462,ok,2026-05-16T13:09:18.387078+00:00
b23982500_0002_0397.jp2,829,5493,ok,2026-05-16T13:09:27.661333+00:00
b23982500_0002_0398.jp2,829,4920,ok,2026-05-16T13:09:32.076185+00:00
b23982500_0002_0395.jp2,829,9091,ok,2026-05-16T13:09:34.983526+00:00
b23982500_0002_0400.jp2,829,5248,ok,2026-05-16T13:10:04.307290+00:00
b23982500_0002_0399.jp2,829,8542,ok,2026-05-16T13:10:06.990386+00:00
b23982500_0002_0402.jp2,829,6099,ok,2026-05-16T13:10:21.268717+00:00
b23982500_0002_0401.jp2,829,7172,ok,2026-05-16T13:10:25.073106+00:00
b23982500_0002_0403.jp2,829,10651,ok,2026-05-16T13:10:55.271965+00:00
b23982500_0002_0404.jp2,829,6172,ok,2026-05-16T13:10:58.158384+00:00
b23982500_0002_0405.jp2,829,8552,ok,2026-05-16T13:11:12.900845+00:00
b23982500_0002_0406.jp2,829,7119,ok,2026-05-16T13:11:21.102397+00:00
b23982500_0002_0407.jp2,829,6572,ok,2026-05-16T13:11:22.286711+00:00
b23982500_0002_0408.jp2,829,6367,ok,2026-05-16T13:11:49.120555+00:00
b23982500_0002_0410.jp2,829,4898,ok,2026-05-16T13:11:56.505927+00:00
b23982500_0002_0412.jp2,829,6509,ok,2026-05-16T13:12:16.604109+00:00
b23982500_0002_0411.jp2,829,6938,ok,2026-05-16T13:12:19.088511+00:00
b23982500_0002_0409.jp2,829,11653,ok,2026-05-16T13:12:25.720758+00:00
b23982500_0002_0413.jp2,829,7717,ok,2026-05-16T13:12:51.049971+00:00
b23982500_0002_0414.jp2,829,9544,ok,2026-05-16T13:13:09.359008+00:00
b23982500_0002_0417.jp2,829,5075,ok,2026-05-16T13:13:10.610357+00:00
b23982500_0002_0416.jp2,829,7565,ok,2026-05-16T13:13:20.780337+00:00
b23982500_0002_0418.jp2,829,4063,ok,2026-05-16T13:13:29.395499+00:00
b23982500_0002_0415.jp2,829,11163,ok,2026-05-16T13:13:39.162030+00:00
b23982500_0002_0419.jp2,829,5961,ok,2026-05-16T13:13:59.852787+00:00
b23982500_0002_0421.jp2,829,6275,ok,2026-05-16T13:14:11.177740+00:00
b23982500_0002_0420.jp2,829,8048,ok,2026-05-16T13:14:15.955097+00:00
b23982500_0002_0422.jp2,829,6477,ok,2026-05-16T13:14:22.270380+00:00
b23982500_0002_0423.jp2,829,7350,ok,2026-05-16T13:14:35.131475+00:00
b23982500_0002_0426.jp2,829,6230,ok,2026-05-16T13:15:05.570686+00:00
b23982500_0002_0425.jp2,829,7093,ok,2026-05-16T13:15:08.620433+00:00
b23982500_0002_0428.jp2,829,8072,ok,2026-05-16T13:15:38.298655+00:00
b23982500_0002_0427.jp2,829,13543,ok,2026-05-16T13:15:50.933547+00:00
b23982500_0002_0429.jp2,829,6307,ok,2026-05-16T13:15:59.452417+00:00
b23982500_0002_0431.jp2,829,6148,ok,2026-05-16T13:16:26.641583+00:00
b23982500_0002_0430.jp2,829,10845,ok,2026-05-16T13:16:30.692838+00:00
b23982500_0002_0433.jp2,829,5734,ok,2026-05-16T13:16:47.582774+00:00
b23982500_0002_0432.jp2,829,8011,ok,2026-05-16T13:16:52.060191+00:00
b23982500_0002_0434.jp2,829,8857,ok,2026-05-16T13:17:37.574207+00:00
b23982500_0002_0437.jp2,829,6369,ok,2026-05-16T13:17:42.680014+00:00
b23982500_0002_0435.jp2,829,9416,ok,2026-05-16T13:17:45.591549+00:00
b23982500_0002_0436.jp2,829,6932,ok,2026-05-16T13:17:47.187045+00:00
b23982500_0002_0424.jp2,829,8691,ok,2026-05-16T13:17:51.771377+00:00
b23982500_0002_0439.jp2,829,4310,ok,2026-05-16T13:18:29.690407+00:00
b23982500_0002_0441.jp2,829,6829,ok,2026-05-16T13:18:48.536350+00:00
b23982500_0002_0440.jp2,829,8257,ok,2026-05-16T13:18:59.300139+00:00
b23982500_0002_0438.jp2,829,9792,ok,2026-05-16T13:19:04.125734+00:00
b23982500_0002_0442.jp2,829,8867,ok,2026-05-16T13:19:35.747900+00:00
b23982500_0002_0443.jp2,829,9102,ok,2026-05-16T13:19:54.721691+00:00
b23982500_0002_0445.jp2,829,6981,ok,2026-05-16T13:20:07.474073+00:00
b23982500_0002_0444.jp2,829,6008,ok,2026-05-16T13:20:08.720201+00:00
b23982500_0002_0446.jp2,829,9116,ok,2026-05-16T13:20:43.307894+00:00
b23982500_0002_0449.jp2,829,5860,ok,2026-05-16T13:20:58.555701+00:00
b23982500_0002_0447.jp2,829,8698,ok,2026-05-16T13:21:02.425614+00:00
b23982500_0002_0450.jp2,829,6996,ok,2026-05-16T13:21:12.741365+00:00
b23982500_0002_0448.jp2,829,8895,ok,2026-05-16T13:21:21.868502+00:00
b23982500_0002_0451.jp2,829,6021,ok,2026-05-16T13:21:32.594443+00:00
b23982500_0002_0453.jp2,829,6090,ok,2026-05-16T13:21:52.983776+00:00
b23982500_0002_0452.jp2,829,6915,ok,2026-05-16T13:21:54.823929+00:00
b23982500_0002_0454.jp2,829,5548,ok,2026-05-16T13:21:58.745874+00:00
b23982500_0002_0456.jp2,829,5935,ok,2026-05-16T13:22:22.049517+00:00
b23982500_0002_0455.jp2,829,10433,ok,2026-05-16T13:22:39.980000+00:00
b23982500_0002_0459.jp2,829,7605,ok,2026-05-16T13:22:57.506151+00:00
b23982500_0002_0457.jp2,829,11784,ok,2026-05-16T13:23:18.589280+00:00
b23982500_0002_0458.jp2,829,13332,ok,2026-05-16T13:23:29.494184+00:00
b23982500_0002_0460.jp2,829,13557,ok,2026-05-16T13:23:56.812655+00:00
b23982500_0002_0462.jp2,829,8405,ok,2026-05-16T13:24:00.124217+00:00
b23982500_0002_0463.jp2,829,7276,ok,2026-05-16T13:24:14.830115+00:00
b23982500_0002_0464.jp2,829,8309,ok,2026-05-16T13:24:33.139843+00:00
b23982500_0002_0466.jp2,829,4610,ok,2026-05-16T13:24:40.318981+00:00
b23982500_0002_0467.jp2,829,5932,ok,2026-05-16T13:25:04.205782+00:00
b23982500_0002_0465.jp2,829,9891,ok,2026-05-16T13:25:08.198837+00:00
b23982500_0002_0468.jp2,829,4801,ok,2026-05-16T13:25:13.770540+00:00
b23982500_0002_0469.jp2,829,7294,ok,2026-05-16T13:25:35.415521+00:00
b23982500_0002_0470.jp2,829,5446,ok,2026-05-16T13:25:49.468106+00:00
b23982500_0002_0471.jp2,829,7106,ok,2026-05-16T13:26:02.211171+00:00
b23982500_0002_0472.jp2,829,6370,ok,2026-05-16T13:26:06.843711+00:00
b23982500_0002_0474.jp2,829,6126,ok,2026-05-16T13:26:38.171338+00:00
b23982500_0002_0476.jp2,829,4935,ok,2026-05-16T13:26:50.849430+00:00
b23982500_0002_0473.jp2,829,11483,ok,2026-05-16T13:26:58.054963+00:00
b23982500_0002_0475.jp2,829,8939,ok,2026-05-16T13:27:08.935580+00:00
b23982500_0002_0461.jp2,829,7858,ok,2026-05-16T13:27:36.134876+00:00
b23982500_0002_0478.jp2,829,6940,ok,2026-05-16T13:27:41.900391+00:00
b23982500_0002_0479.jp2,829,7163,ok,2026-05-16T13:27:53.550593+00:00
b23982500_0002_0480.jp2,829,5752,ok,2026-05-16T13:27:54.313354+00:00
b23982500_0002_0477.jp2,829,10785,ok,2026-05-16T13:27:55.967236+00:00
b23982500_0002_0481.jp2,829,4970,ok,2026-05-16T13:28:23.460853+00:00
b23982500_0002_0484.jp2,829,5993,ok,2026-05-16T13:28:48.120821+00:00
b23982500_0002_0483.jp2,829,8802,ok,2026-05-16T13:29:03.119080+00:00
b23982500_0002_0482.jp2,829,8898,ok,2026-05-16T13:29:07.114346+00:00
b23982500_0002_0485.jp2,829,8778,ok,2026-05-16T13:29:32.152799+00:00
b23982500_0002_0486.jp2,829,5449,ok,2026-05-16T13:29:33.667968+00:00
b23982500_0002_0488.jp2,829,5256,ok,2026-05-16T13:29:44.802750+00:00
b23982500_0002_0489.jp2,829,7403,ok,2026-05-16T13:29:59.326246+00:00
b23982500_0002_0487.jp2,829,9915,ok,2026-05-16T13:30:05.971728+00:00
b23982500_0002_0493.jp2,829,4854,ok,2026-05-16T13:30:38.639374+00:00
b23982500_0002_0492.jp2,829,7591,ok,2026-05-16T13:30:44.643927+00:00
b23982500_0002_0491.jp2,829,10614,ok,2026-05-16T13:30:51.102695+00:00
b23982500_0002_0490.jp2,829,11000,ok,2026-05-16T13:30:53.008827+00:00
b23982500_0002_0494.jp2,829,6758,ok,2026-05-16T13:30:58.237008+00:00
b23982500_0002_0498.jp2,829,3836,ok,2026-05-16T13:31:29.262118+00:00
b23982500_0002_0496.jp2,829,5214,ok,2026-05-16T13:31:29.979199+00:00
b23982500_0002_0497.jp2,829,5968,ok,2026-05-16T13:31:40.422863+00:00
b23982500_0002_0495.jp2,829,8999,ok,2026-05-16T13:31:45.255296+00:00
b23982500_0002_0499.jp2,829,6983,ok,2026-05-16T13:31:53.631263+00:00
b23982500_0002_0501.jp2,829,5088,ok,2026-05-16T13:32:12.039298+00:00
b23982500_0002_0502.jp2,829,6532,ok,2026-05-16T13:32:31.506136+00:00
b23982500_0002_0503.jp2,829,8630,ok,2026-05-16T13:32:48.968420+00:00
b23982500_0002_0500.jp2,829,11117,ok,2026-05-16T13:32:53.974292+00:00
b23982500_0002_0505.jp2,829,7851,ok,2026-05-16T13:33:08.809078+00:00
b23982500_0002_0506.jp2,829,5716,ok,2026-05-16T13:33:17.708325+00:00
b23982500_0002_0504.jp2,829,12093,ok,2026-05-16T13:33:24.947842+00:00
b23982500_0002_0508.jp2,829,7635,ok,2026-05-16T13:33:51.185604+00:00
b23982500_0002_0510.jp2,829,3912,ok,2026-05-16T13:33:51.908939+00:00
b23982500_0002_0509.jp2,829,6855,ok,2026-05-16T13:34:01.223376+00:00
b23982500_0002_0507.jp2,829,10953,ok,2026-05-16T13:34:06.384754+00:00
b23982500_0002_0511.jp2,829,8190,ok,2026-05-16T13:34:23.559527+00:00
b23982500_0002_0513.jp2,829,5523,ok,2026-05-16T13:34:36.111305+00:00
b23982500_0002_0512.jp2,829,5950,ok,2026-05-16T13:34:41.737452+00:00
b23982500_0002_0515.jp2,829,7356,ok,2026-05-16T13:35:02.500311+00:00
b23982500_0002_0514.jp2,829,8550,ok,2026-05-16T13:35:03.361376+00:00
b23982500_0002_0516.jp2,829,6610,ok,2026-05-16T13:35:15.769231+00:00
b23982500_0002_0517.jp2,829,4899,ok,2026-05-16T13:35:19.090967+00:00
b23982500_0002_0518.jp2,829,7520,ok,2026-05-16T13:35:39.908420+00:00
b23982500_0002_0522.jp2,829,5796,ok,2026-05-16T13:36:04.517312+00:00
b23982500_0002_0519.jp2,829,8134,ok,2026-05-16T13:36:07.106567+00:00
b23982500_0002_0520.jp2,829,10552,ok,2026-05-16T13:36:28.102111+00:00
b23982500_0002_0523.jp2,829,6698,ok,2026-05-16T13:36:31.323277+00:00
b23982500_0002_0521.jp2,829,11068,ok,2026-05-16T13:36:32.847668+00:00
b23982500_0002_0525.jp2,829,3438,ok,2026-05-16T13:36:38.455658+00:00
b23982500_0002_0524.jp2,829,5451,ok,2026-05-16T13:36:49.847369+00:00
b23982500_0002_0527.jp2,829,6846,ok,2026-05-16T13:37:21.460156+00:00
b23982500_0002_0526.jp2,829,7636,ok,2026-05-16T13:37:28.561866+00:00
b23982500_0002_0528.jp2,829,7952,ok,2026-05-16T13:37:34.463125+00:00
b23982500_0002_0530.jp2,829,6968,ok,2026-05-16T13:37:43.635713+00:00
b23982500_0002_0529.jp2,829,9791,ok,2026-05-16T13:37:48.158640+00:00
b23982500_0002_0531.jp2,829,5524,ok,2026-05-16T13:38:06.781363+00:00
b23982500_0002_0532.jp2,829,7265,ok,2026-05-16T13:38:27.477555+00:00
b23982500_0002_0534.jp2,829,5921,ok,2026-05-16T13:38:32.783855+00:00
b23982500_0002_0535.jp2,829,6859,ok,2026-05-16T13:38:39.185099+00:00
b23982500_0002_0537.jp2,829,6875,ok,2026-05-16T13:39:19.857101+00:00
b23982500_0002_0538.jp2,829,6025,ok,2026-05-16T13:39:20.503621+00:00
b23982500_0002_0539.jp2,829,6176,ok,2026-05-16T13:39:29.359036+00:00
b23982500_0002_0536.jp2,829,12226,ok,2026-05-16T13:39:30.188539+00:00
b23982500_0002_0541.jp2,829,6044,ok,2026-05-16T13:40:08.763849+00:00
b23982500_0002_0533.jp2,829,6239,ok,2026-05-16T13:40:13.631439+00:00
b23982500_0002_0540.jp2,829,7607,ok,2026-05-16T13:40:19.840898+00:00
b23982500_0002_0543.jp2,829,5991,ok,2026-05-16T13:40:20.789482+00:00
b23982500_0002_0542.jp2,829,9606,ok,2026-05-16T13:40:42.281254+00:00
b23982500_0002_0544.jp2,829,7096,ok,2026-05-16T13:41:03.975059+00:00
b23982500_0002_0545.jp2,829,8836,ok,2026-05-16T13:41:26.003008+00:00
b23982500_0002_0546.jp2,829,11035,ok,2026-05-16T13:41:38.892442+00:00
b23982500_0002_0547.jp2,829,8846,ok,2026-05-16T13:41:47.217592+00:00
b23982500_0002_0548.jp2,829,5436,ok,2026-05-16T13:41:47.826654+00:00
b23982500_0002_0549.jp2,829,6858,ok,2026-05-16T13:42:18.320282+00:00
b23982500_0002_0551.jp2,829,5623,ok,2026-05-16T13:42:31.835093+00:00
b23982500_0002_0550.jp2,829,8367,ok,2026-05-16T13:42:40.836218+00:00
b23982500_0002_0552.jp2,829,9594,ok,2026-05-16T13:42:58.628763+00:00
b23982500_0002_0553.jp2,829,9415,ok,2026-05-16T13:43:26.207259+00:00
b23982500_0002_0554.jp2,829,7685,ok,2026-05-16T13:43:29.601837+00:00
b23982500_0002_0555.jp2,829,8846,ok,2026-05-16T13:43:48.019685+00:00
b23982500_0002_0557.jp2,829,9755,ok,2026-05-16T13:44:38.090061+00:00
b23982500_0002_0560.jp2,829,6185,ok,2026-05-16T13:44:38.698755+00:00
b23982500_0002_0558.jp2,829,8048,ok,2026-05-16T13:45:38.953016+00:00
b23982500_0002_0561.jp2,829,9056,ok,2026-05-16T13:45:47.126615+00:00
b23982500_0002_0562.jp2,829,10654,ok,2026-05-16T13:45:55.522484+00:00
b23982500_0002_0564.jp2,829,4804,ok,2026-05-16T13:46:28.220194+00:00
b23982500_0002_0565.jp2,829,6212,ok,2026-05-16T13:46:43.217590+00:00
b23982500_0002_0563.jp2,829,9699,ok,2026-05-16T13:46:52.246076+00:00
b23982500_0002_0566.jp2,829,9675,ok,2026-05-16T13:59:30.715339+00:00
b23982500_0002_0567.jp2,829,10201,ok,2026-05-16T13:59:34.790001+00:00
b23982500_0002_0556.jp2,829,9260,ok,2026-05-16T13:59:34.791635+00:00
b23982500_0002_0568.jp2,829,11964,ok,2026-05-16T13:59:44.550562+00:00
b23982500_0002_0559.jp2,829,12966,ok,2026-05-16T13:59:47.606465+00:00
b23982500_0002_0573.jp2,829,4732,ok,2026-05-16T14:00:35.145114+00:00
b23982500_0002_0571.jp2,829,6317,ok,2026-05-16T14:00:39.655828+00:00
b23982500_0002_0570.jp2,829,7940,ok,2026-05-16T14:00:52.317967+00:00
b23982500_0002_0569.jp2,829,12971,ok,2026-05-16T14:01:19.410093+00:00
b23982500_0002_0572.jp2,829,12247,ok,2026-05-16T14:01:30.070941+00:00
b23982500_0002_0576.jp2,829,6887,ok,2026-05-16T14:01:50.129782+00:00
b23982500_0002_0577.jp2,829,4704,ok,2026-05-16T14:01:58.651337+00:00
b23982500_0002_0574.jp2,829,10286,ok,2026-05-16T14:02:03.119747+00:00
b23982500_0002_0578.jp2,829,6476,ok,2026-05-16T14:02:22.106680+00:00
b23982500_0002_0580.jp2,829,4412,ok,2026-05-16T14:02:37.830595+00:00
b23982500_0002_0581.jp2,829,5713,ok,2026-05-16T14:02:47.558527+00:00
b23982500_0002_0583.jp2,829,8313,ok,2026-05-16T14:03:42.980583+00:00
b23982500_0002_0584.jp2,829,7909,ok,2026-05-16T14:03:50.451394+00:00
b23982500_0002_0582.jp2,829,14693,ok,2026-05-16T14:03:59.691496+00:00
b23982500_0002_0585.jp2,829,5119,ok,2026-05-16T14:04:24.984830+00:00
b23982500_0002_0586.jp2,829,5797,ok,2026-05-16T14:04:39.187520+00:00
b23982500_0002_0587.jp2,829,5383,ok,2026-05-16T14:04:46.617272+00:00
b23982500_0002_0588.jp2,829,6397,ok,2026-05-16T14:05:15.959263+00:00
b23982500_0002_0589.jp2,829,7797,ok,2026-05-16T14:05:40.542101+00:00
b23982500_0002_0590.jp2,829,6726,ok,2026-05-16T14:05:41.229316+00:00
b23982500_0002_0591.jp2,829,3388,ok,2026-05-16T14:05:46.671817+00:00
b23982500_0002_0594.jp2,829,6762,ok,2026-05-16T14:06:41.024205+00:00
b23982500_0002_0575.jp2,829,6484,ok,2026-05-16T14:37:31.068301+00:00
b23982500_0002_0593.jp2,829,9613,ok,2026-05-16T14:06:55.143914+00:00
b23982500_0002_0592.jp2,829,12653,ok,2026-05-16T14:07:14.463371+00:00
b23982500_0002_0597.jp2,829,4075,ok,2026-05-16T14:07:31.652994+00:00
b23982500_0002_0579.jp2,829,9440,ok,2026-05-16T14:37:49.772507+00:00
b23982500_0002_0596.jp2,829,11512,ok,2026-05-16T14:08:17.358351+00:00
b23982500_0002_0599.jp2,829,6514,ok,2026-05-16T14:08:25.089057+00:00
b23982500_0002_0598.jp2,829,9882,ok,2026-05-16T14:08:27.387887+00:00
b23982500_0002_0603.jp2,829,5302,ok,2026-05-16T14:09:12.076550+00:00
b23982500_0002_0602.jp2,829,6202,ok,2026-05-16T14:09:16.045159+00:00
b23982500_0002_0600.jp2,829,8489,ok,2026-05-16T14:09:18.574977+00:00
b23982500_0002_0601.jp2,829,12560,ok,2026-05-16T14:09:46.742909+00:00
b23982500_0002_0606.jp2,829,6804,ok,2026-05-16T14:10:11.646547+00:00
b23982500_0002_0607.jp2,829,6017,ok,2026-05-16T14:10:32.820996+00:00
b23982500_0002_0605.jp2,829,11017,ok,2026-05-16T14:10:36.980290+00:00
b23982500_0002_0608.jp2,829,4360,ok,2026-05-16T14:10:49.437990+00:00
b23982500_0002_0604.jp2,829,15894,ok,2026-05-16T14:10:58.014712+00:00
b23982500_0002_0609.jp2,829,7382,ok,2026-05-16T14:11:29.422951+00:00
b23982500_0002_0611.jp2,829,5603,ok,2026-05-16T14:11:38.821589+00:00
b23982500_0002_0612.jp2,829,8669,ok,2026-05-16T14:12:10.141814+00:00
b23982500_0002_0613.jp2,829,6862,ok,2026-05-16T14:12:21.929032+00:00
b23982500_0002_0595.jp2,829,7960,ok,2026-05-16T14:37:37.278113+00:00
b23982500_0002_0614.jp2,829,11641,ok,2026-05-16T14:13:00.528169+00:00
b23982500_0002_0615.jp2,829,6729,ok,2026-05-16T14:13:04.102048+00:00
b23982500_0002_0616.jp2,829,5745,ok,2026-05-16T14:13:08.495071+00:00
b23982500_0002_0618.jp2,829,3384,ok,2026-05-16T14:13:32.001515+00:00
b23982500_0002_0617.jp2,829,6175,ok,2026-05-16T14:13:42.180352+00:00
b23982500_0002_0620.jp2,829,8100,ok,2026-05-16T14:14:08.714599+00:00
b23982500_0002_0619.jp2,829,9989,ok,2026-05-16T14:14:16.909564+00:00
b23982500_0002_0621.jp2,829,7079,ok,2026-05-16T14:14:24.234658+00:00
b23982500_0002_0622.jp2,829,6103,ok,2026-05-16T14:14:45.465386+00:00
b23982500_0002_0623.jp2,829,6205,ok,2026-05-16T14:14:57.063828+00:00
b23982500_0002_0624.jp2,829,5336,ok,2026-05-16T14:15:05.167890+00:00
b23982500_0002_0625.jp2,829,6313,ok,2026-05-16T14:15:14.740048+00:00
b23982500_0002_0627.jp2,829,5421,ok,2026-05-16T14:15:41.909391+00:00
b23982500_0002_0626.jp2,829,11256,ok,2026-05-16T14:16:05.571757+00:00
b23982500_0002_0629.jp2,829,6491,ok,2026-05-16T14:16:09.148979+00:00
b23982500_0002_0628.jp2,829,9857,ok,2026-05-16T14:16:19.770736+00:00
b23982500_0002_0630.jp2,829,6436,ok,2026-05-16T14:16:31.452450+00:00
b23982500_0002_0631.jp2,829,5401,ok,2026-05-16T14:16:49.094543+00:00
b23982500_0002_0610.jp2,829,5567,ok,2026-05-16T14:47:26.911205+00:00
b23982500_0002_0633.jp2,829,5466,ok,2026-05-16T14:17:07.114928+00:00
b23982500_0002_0632.jp2,829,8142,ok,2026-05-16T14:17:13.514133+00:00
b23982500_0002_0634.jp2,829,6644,ok,2026-05-16T14:17:26.967767+00:00
b23982500_0002_0635.jp2,829,6471,ok,2026-05-16T14:17:38.727758+00:00
b23982500_0002_0637.jp2,829,5360,ok,2026-05-16T14:17:49.168760+00:00
b23982500_0002_0636.jp2,829,7464,ok,2026-05-16T14:17:51.904421+00:00
b23982500_0002_0639.jp2,829,3769,ok,2026-05-16T14:18:01.229474+00:00
b23982500_0002_0638.jp2,829,6176,ok,2026-05-16T14:18:02.742545+00:00
b23982500_0002_0640.jp2,829,5769,ok,2026-05-16T14:18:27.734970+00:00
b23982500_0002_0641.jp2,829,7611,ok,2026-05-16T14:18:51.505270+00:00
b23982500_0002_0642.jp2,829,7766,ok,2026-05-16T14:18:52.674740+00:00
b23982500_0002_0643.jp2,829,6316,ok,2026-05-16T14:18:53.986203+00:00
b23982500_0002_0645.jp2,829,5486,ok,2026-05-16T14:19:11.651049+00:00
b23982500_0002_0644.jp2,829,9482,ok,2026-05-16T14:19:14.163930+00:00
b23982500_0002_0647.jp2,829,5380,ok,2026-05-16T14:19:40.983565+00:00
b23982500_0002_0648.jp2,829,7525,ok,2026-05-16T14:19:53.163024+00:00
b23982500_0002_0646.jp2,829,9106,ok,2026-05-16T14:20:01.797858+00:00
b23982500_0002_0649.jp2,829,9450,ok,2026-05-16T14:20:20.323313+00:00
b23982500_0002_0650.jp2,829,5949,ok,2026-05-16T14:20:56.790276+00:00
b23982500_0002_0651.jp2,829,15675,ok,2026-05-16T14:21:29.047961+00:00
b23982500_0002_0654.jp2,829,9699,ok,2026-05-16T14:21:32.008396+00:00
b23982500_0002_0655.jp2,829,6812,ok,2026-05-16T14:21:52.809821+00:00
b23982500_0002_0656.jp2,829,5468,ok,2026-05-16T14:22:22.894176+00:00
b23982500_0002_0657.jp2,829,5780,ok,2026-05-16T14:22:24.870742+00:00
b23982500_0002_0658.jp2,829,5916,ok,2026-05-16T14:22:49.166374+00:00
b23982500_0002_0659.jp2,829,7725,ok,2026-05-16T14:23:21.701947+00:00
b23982500_0002_0660.jp2,829,8122,ok,2026-05-16T14:23:27.568267+00:00
b23982500_0002_0653.jp2,829,30146,ok,2026-05-16T14:23:29.073487+00:00
b23982500_0002_0661.jp2,829,5460,ok,2026-05-16T14:23:34.944774+00:00
b23982500_0002_0662.jp2,829,3726,ok,2026-05-16T14:23:55.897930+00:00
b23982500_0002_0664.jp2,829,4102,ok,2026-05-16T14:24:07.904457+00:00
b23982500_0002_0665.jp2,829,4542,ok,2026-05-16T14:24:20.168511+00:00
b23982500_0002_0663.jp2,829,9040,ok,2026-05-16T14:24:32.402431+00:00
b23982500_0002_0666.jp2,829,5873,ok,2026-05-16T14:24:42.010064+00:00
b23982500_0002_0667.jp2,829,4128,ok,2026-05-16T14:24:43.618329+00:00
b23982500_0002_0652.jp2,829,52498,ok,2026-05-16T14:24:46.137578+00:00
b23982500_0002_0670.jp2,829,2958,ok,2026-05-16T14:25:13.170590+00:00
b23982500_0002_0669.jp2,829,5701,ok,2026-05-16T14:25:17.623911+00:00
b23982500_0002_0671.jp2,829,5600,ok,2026-05-16T14:25:31.100511+00:00
b23982500_0002_0672.jp2,829,5480,ok,2026-05-16T14:25:34.759092+00:00
b23982500_0002_0668.jp2,829,10961,ok,2026-05-16T14:25:35.889827+00:00
